length,depth,tautology,CPU time (sec),peak memory (bytes)
3,1,True,0.015625,13816
3,1,True,0.0,5639
3,1,False,0.0,4603
3,1,False,0.015625,2922
4,1,False,0.03125,3830
4,1,False,0.0,3983
4,1,False,0.046875,6046
4,1,False,0.046875,7522
4,2,True,0.015625,5941
4,1,True,0.0,2474
4,1,False,0.0,2729
4,2,False,0.015625,7209
4,2,False,0.03125,3093
4,2,True,0.015625,6267
4,1,False,0.03125,4131
4,2,False,0.015625,4545
4,2,True,0.0,4263
4,2,True,0.03125,13214
4,1,False,0.015625,2221
4,2,False,0.0,10395
4,2,True,0.015625,6092
4,2,True,0.015625,4325
4,2,False,0.0,7480
4,2,False,0.015625,4772
4,2,False,0.0,7720
4,2,False,0.015625,3537
4,2,False,0.015625,6621
4,2,False,0.015625,2631
4,2,False,0.015625,3476
4,1,False,0.015625,2615
4,2,False,0.015625,6715
5,2,False,0.015625,6722
5,2,True,0.015625,7462
5,2,False,0.015625,7875
5,2,False,0.0,4450
5,3,False,0.015625,13085
5,2,True,0.0,3390
5,2,True,0.0,2759
5,2,False,0.015625,5670
5,2,False,0.0,3489
5,2,False,0.0,4762
5,1,False,0.015625,6483
5,2,False,0.0,11894
5,2,False,0.015625,6074
5,2,True,0.0,2759
5,2,False,0.0,5291
5,3,False,0.046875,15633
5,4,False,0.21875,73776
5,2,False,0.0625,16343
5,1,False,0.015625,3323
5,2,False,0.03125,11284
5,2,True,0.015625,3638
5,3,False,0.0625,32901
5,2,False,0.015625,16240
5,3,False,0.015625,13767
5,1,False,0.0,5539
5,2,False,0.0,7852
5,2,False,0.015625,11607
5,2,False,0.015625,17344
5,2,False,0.015625,5351
5,2,False,0.015625,11070
5,2,False,0.015625,9524
5,2,False,0.0,6850
5,2,False,0.015625,4629
5,2,False,0.0,4782
5,3,False,0.015625,7063
5,2,True,0.015625,3083
5,3,False,0.0,9329
5,2,False,0.015625,10817
5,1,False,0.015625,5075
5,4,False,0.3125,74836
5,1,False,0.0,5407
5,2,False,0.0,5717
5,3,False,0.046875,11137
5,2,False,0.015625,9278
5,2,False,0.015625,8363
5,3,False,0.0,5729
5,2,False,0.015625,7141
5,2,False,0.0,5679
5,2,False,0.015625,10182
5,2,False,0.03125,7941
5,2,False,0.015625,8606
5,2,False,0.0,3994
5,2,False,0.015625,4493
5,3,False,0.015625,7233
5,2,False,0.015625,5555
5,2,False,0.015625,3657
5,2,False,0.0,3908
5,2,False,0.0,4778
5,2,False,0.0,4036
5,2,False,0.015625,9895
5,4,False,0.140625,85128
5,1,False,0.015625,3684
5,2,False,0.015625,7503
5,3,False,0.015625,11061
5,1,False,0.0,6366
5,2,False,0.015625,7351
5,1,False,0.0,3907
5,1,True,0.0,2807
5,2,False,0.03125,6869
5,2,False,0.0,5519
5,2,False,0.0,2955
5,2,False,0.0,8554
5,2,False,0.015625,4611
5,2,False,0.0,5035
5,2,False,0.015625,3399
5,2,False,0.0,4739
5,1,False,0.015625,5135
5,2,False,0.015625,6577
5,2,False,0.0,3295
5,2,False,0.0,7351
5,2,True,0.015625,3379
5,2,False,0.015625,6157
5,2,False,0.015625,7978
5,1,False,0.0,5187
5,1,False,0.015625,2285
5,2,False,0.015625,12177
5,2,False,0.0,7529
5,2,False,0.015625,3946
5,2,False,0.0,5357
5,2,False,0.015625,6453
5,2,False,0.0,15763
5,2,False,0.015625,8223
5,2,True,0.03125,5838
5,2,False,0.0,5482
5,3,False,0.015625,7113
5,2,False,0.0,7773
5,3,False,0.0,4026
5,2,False,0.03125,2751
5,2,False,0.0,4907
5,2,False,0.03125,6205
5,3,False,0.0,3971
5,1,False,0.0,3539
5,2,False,0.0,5482
5,2,False,0.03125,15147
5,3,False,0.109375,29519
5,2,False,0.0,4431
5,2,False,0.03125,10014
5,2,True,0.0,7830
5,2,False,0.015625,9734
5,3,False,0.0,3558
5,3,False,0.0,10955
5,1,False,0.0,3539
5,2,False,0.015625,6699
5,2,False,0.015625,7661
5,2,False,0.0,3399
5,2,False,0.0,4782
5,2,False,0.0,9446
5,2,False,0.015625,4021
5,2,False,0.015625,4571
5,2,False,0.0,4134
5,1,False,0.015625,6122
5,2,True,0.03125,7966
5,2,False,0.015625,12177
5,2,True,0.0,3510
5,1,True,0.0,6102
5,3,False,0.0625,16201
5,2,False,0.015625,8916
5,2,False,0.015625,7105
5,2,False,0.046875,16424
5,2,True,0.0,6165
5,3,False,0.015625,21249
5,2,True,0.015625,6357
5,2,False,0.015625,5863
5,2,True,0.0,3390
5,3,False,0.140625,53133
5,2,False,0.015625,8660
5,2,True,0.015625,2759
5,2,False,0.0,6745
5,2,False,0.0,5705
5,3,True,0.0,19106
5,2,False,0.0,3381
5,2,False,0.03125,8020
5,2,False,0.015625,12297
5,2,False,0.0,3946
5,3,False,0.0,4051
5,2,False,0.015625,10345
5,2,False,0.0,4950
5,2,False,0.015625,5847
5,3,False,0.0,11061
5,2,True,0.0,6701
5,1,False,0.015625,5299
5,2,True,0.015625,4568
5,2,False,0.0,7585
6,2,False,0.0,12805
6,2,False,0.015625,18099
6,2,False,0.0,3670
6,2,False,0.015625,5703
6,3,False,0.015625,14489
6,2,False,0.015625,6459
6,2,False,0.0,5531
6,3,False,0.0625,28021
6,2,True,0.015625,13726
6,2,False,0.0,3499
6,3,False,0.0625,15965
6,2,True,0.03125,6275
6,2,False,0.046875,17541
6,4,False,1.0625,198522
6,2,True,0.015625,7515
6,2,False,0.015625,6117
6,2,False,0.0625,12731
6,3,False,0.0625,18029
6,2,False,0.015625,6598
6,2,False,0.015625,11492
6,2,False,0.015625,3423
6,2,False,0.015625,6669
6,2,False,0.0,11714
6,3,False,0.015625,8791
6,3,False,0.046875,15205
6,3,False,0.03125,7685
6,2,True,0.03125,6313
6,4,False,0.328125,57016
6,2,False,0.015625,5002
6,2,False,0.015625,9447
6,2,False,0.09375,15166
6,3,False,0.015625,12056
6,2,False,0.015625,11077
6,2,False,0.0,7000
6,2,False,0.0,6882
6,2,False,0.0,6329
6,3,False,0.015625,11571
6,2,False,0.03125,4205
6,2,False,0.03125,7322
6,2,False,0.0,4205
6,2,False,0.03125,5929
6,2,False,0.015625,5006
6,1,False,0.015625,3995
6,2,False,0.015625,5491
6,2,False,0.0,4504
6,2,True,0.0,3191
6,3,False,0.046875,17062
6,2,True,0.03125,12103
6,3,False,0.015625,6313
6,2,False,0.0,12024
6,3,False,0.046875,11411
6,3,False,0.015625,6885
6,3,False,0.015625,4026
6,2,True,0.015625,6743
6,2,False,0.0,3965
6,2,True,0.03125,8425
6,3,False,0.0625,15699
6,3,False,0.0625,28567
6,3,False,0.03125,9311
6,2,False,0.03125,5827
6,3,False,0.015625,8959
6,2,False,0.015625,6847
6,2,False,0.015625,8649
6,2,False,0.015625,7397
6,3,False,0.0625,19887
6,2,False,0.015625,7383
6,2,False,0.015625,10034
6,2,True,0.015625,4885
6,3,False,0.359375,63263
6,2,False,0.015625,5350
6,2,False,0.03125,7415
6,3,False,0.03125,12408
6,3,False,0.078125,16589
6,2,False,0.015625,5338
6,3,False,0.03125,19702
6,3,True,0.015625,3213
6,3,False,0.125,53646
6,4,False,0.140625,26435
6,3,False,0.03125,8359
6,2,False,0.0,8125
6,4,False,0.984375,97792
6,3,False,0.03125,9303
6,2,False,0.015625,4535
6,4,False,0.0625,17869
6,2,False,0.0,3769
6,3,False,0.03125,4337
6,2,False,0.0,9978
6,2,False,0.0,4580
6,2,False,0.015625,12233
6,3,False,0.015625,6989
6,2,False,0.0,6814
6,2,False,0.015625,4887
6,2,True,0.03125,3446
6,3,False,0.03125,5924
6,2,False,0.015625,8585
6,2,False,0.015625,4756
6,4,False,0.015625,22863
6,2,False,0.015625,13716
6,4,False,0.0,4665
6,3,False,0.171875,40888
6,2,False,0.015625,5919
6,3,False,0.046875,18765
6,2,False,0.0,7487
6,4,False,0.015625,8129
6,2,False,0.015625,3946
6,2,True,0.015625,3968
6,2,False,0.015625,6534
6,3,False,0.0625,28863
6,1,False,0.0,6154
6,2,False,0.015625,3443
6,4,False,2.125,177936
6,3,False,0.1875,56545
6,3,False,0.0,6751
6,2,True,0.0,5418
6,2,False,0.0,5234
6,2,False,0.015625,3545
6,2,False,0.015625,8393
6,1,False,0.0,3995
6,3,False,0.03125,18757
6,3,False,0.0,7373
6,2,False,0.03125,7887
6,2,False,0.0,6157
6,4,False,0.234375,49274
6,2,False,0.015625,5289
6,3,False,0.078125,47401
6,3,False,0.015625,12756
6,2,False,0.015625,9164
6,2,False,0.0,6255
6,2,False,0.015625,7345
6,3,False,0.09375,35559
6,2,False,0.0625,15559
6,2,True,0.015625,3487
6,2,True,0.0,5031
6,3,False,0.0,4051
6,3,False,0.015625,15435
6,2,False,0.0,9591
6,3,False,0.0,4051
6,3,False,0.03125,17069
6,3,True,0.0,3564
6,3,False,0.0,3891
6,2,False,0.015625,3456
6,4,False,0.09375,18723
6,2,True,0.0,3511
6,3,False,0.015625,10013
6,2,False,0.0,8204
6,2,False,0.015625,6602
6,2,True,0.0,3223
6,4,False,0.625,75484
6,3,False,0.046875,19673
6,2,False,0.015625,7171
6,2,False,0.015625,10505
6,2,False,0.015625,9286
6,2,False,0.015625,9746
6,3,False,0.046875,19332
6,5,False,0.015625,12549
6,4,False,0.0625,19565
6,3,False,0.0625,16101
6,3,False,0.015625,6832
6,3,False,0.03125,16897
6,3,False,0.03125,8072
6,3,False,0.015625,5631
6,2,True,0.0,3928
6,3,False,0.015625,7996
6,2,False,0.015625,6573
6,2,False,0.03125,5850
6,4,False,0.109375,36059
6,1,False,0.015625,2811
6,3,False,0.03125,18381
6,2,True,0.0,6221
6,2,False,0.015625,5110
6,4,False,0.4375,177050
6,2,False,0.03125,6663
6,3,False,0.0,9375
6,3,False,0.015625,4026
6,2,False,0.0,11309
6,3,False,0.015625,5679
6,3,False,0.015625,18437
6,3,False,0.0625,25999
6,2,False,0.0,4005
6,2,False,0.0,8009
7,2,False,0.0,16625
7,3,False,0.015625,24528
7,2,False,0.015625,6577
7,3,False,0.0,6865
7,3,False,0.0,18397
7,2,True,0.0,4991
7,2,False,0.015625,10224
7,3,False,0.0,12615
7,5,False,0.90625,156863
7,3,False,0.03125,5835
7,4,False,0.03125,4760
7,3,False,0.046875,13374
7,2,False,0.03125,7925
7,3,True,0.046875,8217
7,4,False,0.203125,46179
7,3,True,0.0,14892
7,2,False,0.015625,7550
7,3,False,0.015625,5148
7,2,False,0.015625,8657
7,2,False,0.015625,5909
7,1,False,0.015625,4621
7,3,False,0.03125,15749
7,3,False,0.015625,14794
7,2,False,0.015625,9558
7,3,False,0.0,7342
7,3,False,0.015625,9677
7,4,False,0.921875,197870
7,3,False,0.03125,9884
7,2,False,0.015625,8096
7,2,False,0.0,5323
7,3,False,0.03125,8451
7,4,False,0.046875,18379
7,4,False,0.125,80729
7,2,False,0.015625,9429
7,2,False,0.015625,4630
7,3,True,0.0,3692
7,3,False,0.03125,9959
7,2,False,0.015625,10885
7,4,False,0.671875,125428
7,3,False,0.015625,16279
7,3,False,0.03125,13741
7,3,False,0.03125,20213
7,2,False,0.03125,11518
7,4,False,0.015625,5198
7,2,False,0.015625,6490
7,4,False,0.390625,74726
7,4,False,0.046875,27070
7,2,False,0.015625,4387
7,2,False,0.015625,5994
7,3,True,0.015625,6845
7,2,False,0.03125,7040
7,3,False,0.3125,58102
7,3,False,0.015625,4417
7,3,False,0.03125,13813
7,2,False,0.0,6354
7,2,False,0.015625,11243
7,2,False,0.015625,7925
7,3,False,0.015625,5694
7,3,True,0.0,4244
7,3,False,0.015625,24397
7,2,False,0.015625,6784
7,2,False,0.03125,10426
7,2,False,0.015625,10189
7,2,True,0.03125,26524
7,1,True,0.0,3971
7,3,False,0.046875,17066
7,3,True,0.015625,6273
7,3,False,0.015625,16198
7,3,True,0.0,6695
7,4,False,0.046875,26510
7,3,False,0.015625,4645
7,3,False,0.015625,7243
7,3,False,0.0,5462
7,2,False,0.03125,6835
7,3,False,0.046875,21901
7,3,False,0.03125,16769
7,2,False,0.03125,3732
7,2,False,0.015625,7083
7,4,False,0.234375,88058
7,5,False,0.09375,36308
7,3,False,0.078125,31215
7,2,False,0.03125,5666
7,3,False,0.0,13025
7,3,False,0.015625,4638
7,2,True,0.03125,7295
7,3,True,0.015625,3407
7,3,False,0.03125,13813
7,2,False,0.015625,15174
7,2,False,0.015625,15417
7,4,False,0.1875,61292
7,4,False,0.109375,81744
7,2,False,0.0,6042
7,3,False,0.015625,4211
7,6,False,0.359375,132972
7,3,False,0.015625,7499
7,3,False,0.0,9570
7,3,False,0.125,27107
7,4,False,0.015625,13049
7,3,False,0.0,12259
7,3,False,0.015625,17629
7,3,False,0.015625,8091
7,3,False,0.046875,10793
7,3,False,0.140625,30763
7,4,False,0.0,6278
7,3,False,0.015625,5462
7,3,False,0.0,4331
7,3,False,0.015625,10104
7,5,False,0.359375,50853
7,3,False,0.046875,10079
7,3,True,0.015625,5978
7,3,True,0.015625,3637
7,4,False,0.03125,13111
7,3,False,0.015625,6160
7,3,False,0.0,12334
7,3,False,0.09375,16922
7,2,False,0.0,5573
7,4,False,1.96875,181016
7,3,False,0.171875,63205
7,3,False,0.015625,5722
7,2,False,0.015625,5723
7,2,False,0.03125,14325
7,3,False,0.03125,23917
7,3,True,0.0,4254
7,3,False,0.0,5849
7,3,True,0.0,13347
7,3,True,0.03125,12410
7,3,True,0.03125,12602
7,4,False,0.015625,16914
7,3,False,0.046875,22143
7,2,True,0.015625,7509
7,3,True,0.0,3509
7,2,False,0.015625,6083
7,3,True,0.0,3670
7,3,False,0.0,7437
7,3,False,0.015625,17855
7,3,False,0.0,5523
7,5,False,12.140625,1118048
7,3,False,0.03125,13977
7,3,True,0.015625,17205
7,2,False,0.015625,6573
7,3,False,0.03125,24127
7,3,True,0.015625,3510
7,3,False,0.015625,9249
7,4,False,0.703125,90266
7,3,False,0.125,53313
7,4,False,0.015625,7973
7,2,False,0.015625,9290
7,3,False,0.015625,5523
7,1,False,0.015625,4939
7,2,False,0.015625,5631
7,3,False,0.046875,21359
7,3,False,0.015625,11338
7,2,False,0.03125,3963
7,3,False,0.03125,7285
7,2,True,0.015625,3799
7,4,False,0.21875,98014
7,3,False,0.03125,9645
7,4,False,0.078125,32407
7,3,False,0.046875,19205
7,2,False,0.046875,16379
7,3,False,0.078125,15466
7,3,False,0.03125,8142
7,4,False,0.015625,11575
7,3,False,0.03125,10785
7,3,False,0.125,27719
7,3,False,0.03125,16945
7,4,False,0.015625,26853
7,3,False,0.0,13564
7,3,False,0.0,10093
7,1,False,0.015625,5147
7,3,False,0.0,16783
7,2,False,0.0,5079
7,4,False,0.109375,37141
7,3,False,0.03125,11938
7,3,False,0.03125,9067
7,3,False,0.03125,15227
7,3,False,0.0,4693
7,2,False,0.0,4599
7,3,False,0.0625,27487
7,3,False,0.140625,33783
7,3,False,0.03125,19783
7,2,False,0.03125,6223
7,3,True,0.015625,10198
7,3,True,0.078125,11992
7,2,False,0.03125,14785
7,3,False,0.015625,10934
7,5,False,3.53125,237091
7,3,False,0.0,5870
7,3,False,0.03125,4702
7,2,True,0.015625,5531
7,3,False,0.015625,7941
7,3,False,0.0,10103
7,4,False,0.0625,33637
7,2,True,0.03125,7429
7,3,False,0.015625,5319
7,4,False,0.0625,31379
7,4,False,0.78125,187768
7,3,False,0.03125,15330
7,2,False,0.015625,6195
7,3,False,0.03125,22251
8,3,False,0.015625,12763
8,3,False,0.015625,16553
8,3,False,0.015625,24114
8,2,False,0.0,7183
8,2,False,0.015625,21341
8,3,False,0.015625,9651
8,4,False,0.03125,10413
8,2,False,0.015625,15760
8,3,False,0.015625,6663
8,3,False,0.015625,10805
8,3,False,0.078125,21733
8,5,False,0.078125,23721
8,3,False,0.0625,6677
8,3,False,0.03125,7689
8,3,False,0.015625,4181
8,3,False,0.03125,9078
8,3,True,0.015625,5567
8,4,False,0.0625,30472
8,3,False,0.0,6458
8,4,False,0.03125,16676
8,3,False,0.046875,14224
8,2,False,0.015625,3387
8,3,False,0.0,8887
8,3,False,0.046875,20773
8,2,True,0.0,6723
8,3,True,0.0,7259
8,3,False,0.03125,16676
8,3,True,0.015625,8251
8,3,True,0.015625,4763
8,3,False,0.015625,5978
8,3,False,0.015625,6017
8,2,False,0.015625,5954
8,3,False,0.015625,4018
8,3,False,0.03125,17413
8,3,False,0.046875,18041
8,4,False,0.046875,32052
8,5,False,0.34375,282213
8,3,False,0.015625,8548
8,3,False,0.015625,7393
8,4,False,0.015625,13871
8,3,False,0.0,7537
8,3,False,0.015625,8528
8,3,False,0.03125,16870
8,5,False,0.234375,108880
8,3,False,0.125,62410
8,4,False,0.203125,43162
8,3,False,0.03125,19305
8,4,False,0.015625,6650
8,2,True,0.015625,4274
8,3,False,0.015625,5746
8,3,True,0.015625,4321
8,3,False,0.03125,20754
8,4,False,0.03125,22855
8,3,False,0.0,6924
8,5,False,0.21875,215835
8,2,False,0.015625,12477
8,2,False,0.0,6991
8,3,False,0.078125,23858
8,4,False,0.015625,7231
8,3,False,0.0,9467
8,3,True,0.015625,4207
8,3,False,0.046875,14542
8,3,False,0.09375,62986
8,3,False,0.0,9537
8,3,False,0.015625,4611
8,3,True,0.046875,24532
8,4,False,0.03125,23732
8,3,False,0.0,5526
8,2,True,0.015625,4644
8,4,True,0.03125,9319
8,2,False,0.015625,8145
8,3,False,0.0,6083
8,4,False,0.0625,35284
8,5,False,0.046875,24627
8,3,False,0.03125,6772
8,2,False,0.015625,8823
8,3,False,0.015625,6948
8,3,False,0.015625,10418
8,2,False,0.015625,19488
8,3,False,0.046875,10927
8,3,False,0.015625,8946
8,3,False,0.015625,6052
8,2,True,0.03125,10633
8,2,False,0.0,4689
8,4,False,0.015625,6995
8,3,False,0.0,8316
8,3,True,0.0,4051
8,2,False,0.0,3968
8,5,False,0.015625,7583
8,3,False,0.03125,19056
8,4,False,0.015625,8257
8,2,False,0.015625,6965
8,3,False,0.0,8787
8,3,False,0.0,7193
8,2,False,0.015625,5879
8,3,True,0.0625,3933
8,3,False,0.09375,10331
8,4,True,0.046875,16611
8,3,False,0.0,9347
8,2,True,0.0,8977
8,4,False,0.015625,22440
8,3,False,0.015625,17769
8,4,False,0.0625,20328
8,2,True,0.015625,3456
8,2,False,0.0,6587
8,3,False,0.0,6561
8,2,False,0.03125,15608
8,2,False,0.015625,7091
8,3,False,0.015625,17100
8,2,True,0.0,3282
8,3,False,0.015625,11232
8,2,False,0.015625,4475
8,3,True,0.015625,6574
8,2,True,0.03125,6837
8,4,False,0.046875,21759
8,3,True,0.078125,10862
8,2,False,0.015625,8931
8,5,False,0.03125,40149
8,3,False,0.015625,9575
8,4,False,0.015625,7043
8,5,False,0.046875,25829
8,2,False,0.015625,6350
8,2,True,0.03125,4967
8,4,False,0.453125,54918
8,3,True,0.03125,8377
8,3,False,0.015625,4552
8,4,False,0.078125,39847
8,5,False,0.109375,24989
8,2,False,0.03125,16062
8,4,False,0.078125,23197
8,5,False,0.296875,75816
8,3,False,0.0,8967
8,4,False,0.09375,22771
8,3,False,0.03125,14740
8,4,False,0.046875,27836
8,2,False,0.015625,9361
8,4,False,0.203125,43298
8,3,False,0.015625,7181
8,2,False,0.015625,3971
8,2,False,0.046875,10630
8,2,False,0.015625,6750
8,3,False,0.0,9501
8,3,False,0.015625,8618
8,3,False,0.015625,9143
8,4,False,0.0,10363
8,3,False,0.0625,17074
8,4,False,0.171875,22821
8,3,False,0.015625,18286
8,3,False,0.015625,5502
8,3,False,0.046875,15708
8,3,True,0.03125,11691
8,3,False,0.015625,11954
8,4,True,0.03125,12541
8,3,False,0.046875,13930
8,4,False,0.015625,22618
8,4,False,0.015625,24730
8,3,False,0.015625,4641
8,4,False,0.0,4861
8,3,False,0.03125,7812
8,2,False,0.015625,8073
8,4,False,0.0,6441
8,4,False,0.046875,8893
8,3,False,0.015625,7424
8,4,False,0.03125,15184
8,3,False,0.03125,6323
8,3,False,0.0625,12346
8,3,False,0.0,5071
8,4,False,0.0,5119
8,3,False,0.046875,4156
8,3,False,0.015625,8521
8,4,False,0.03125,17056
8,3,False,0.03125,4579
8,2,False,0.015625,8655
8,2,True,0.0,8138
8,4,False,0.03125,24750
8,4,False,0.09375,64710
8,3,False,0.03125,15300
8,4,True,0.078125,18785
8,4,False,0.03125,4703
8,3,True,0.015625,4638
8,3,False,0.0,7174
8,4,False,0.03125,13069
8,3,False,0.046875,4207
8,3,True,0.015625,4308
8,3,False,0.0,6076
8,3,False,0.015625,13928
8,2,False,0.03125,20705
8,3,False,0.015625,4766
8,6,False,0.03125,28334
8,3,False,0.015625,6503
8,2,False,0.015625,3751
8,3,True,0.015625,5358
8,2,False,0.015625,7277
8,3,False,0.03125,9583
8,2,False,0.0,4182
8,3,True,0.0,3926
8,3,False,0.015625,7109
8,3,False,0.015625,7293
8,4,False,0.234375,79176
8,3,False,0.015625,6338
9,5,False,0.078125,65382
9,4,False,0.0,8739
9,4,False,0.03125,7262
9,4,False,0.21875,87845
9,3,False,0.03125,6338
9,4,False,0.140625,15114
9,3,False,0.03125,9567
9,3,False,0.0625,8364
9,3,False,0.0625,7432
9,3,False,0.03125,9467
9,3,False,0.0625,12853
9,3,False,0.078125,20126
9,4,True,0.015625,4519
9,3,False,0.03125,22181
9,3,False,0.03125,11062
9,3,True,0.03125,3451
9,4,False,0.0,12587
9,3,False,0.015625,9125
9,3,False,0.015625,5826
9,3,True,0.03125,15899
9,4,False,0.015625,6293
9,4,False,0.109375,21854
9,4,True,0.09375,18647
9,3,False,0.015625,10753
9,4,False,0.046875,22134
9,6,False,0.28125,46315
9,4,False,0.078125,23787
9,4,False,0.046875,20645
9,3,False,0.078125,13982
9,4,False,0.0625,21583
9,3,False,0.140625,15468
9,3,False,0.015625,6574
9,7,False,1.578125,286525
9,4,False,0.015625,5419
9,3,False,0.03125,16661
9,3,True,0.03125,3388
9,3,False,0.015625,17502
9,3,True,0.109375,33409
9,4,False,0.015625,6459
9,4,False,0.015625,7411
9,6,False,0.828125,110938
9,3,False,0.03125,15624
9,3,False,0.0,6878
9,3,False,0.03125,9422
9,4,False,0.046875,27175
9,4,False,0.03125,7114
9,3,False,0.03125,21701
9,3,False,0.078125,10374
9,4,False,0.15625,22678
9,3,True,0.03125,10001
9,5,True,0.046875,11849
9,4,False,0.578125,87003
9,4,False,0.046875,20535
9,4,True,0.03125,17547
9,5,False,0.1875,59237
9,3,False,0.015625,8891
9,3,False,0.015625,9676
9,3,False,0.046875,23097
9,3,False,0.015625,13104
9,4,True,0.078125,8869
9,3,True,0.03125,8793
9,4,False,0.078125,82422
9,3,False,0.015625,12250
9,3,False,0.0,16648
9,3,False,0.015625,9347
9,3,True,0.078125,7386
9,4,False,0.875,100839
9,5,False,0.734375,86841
9,5,False,0.265625,150396
9,3,False,0.015625,9893
9,4,False,0.0625,39222
9,3,False,0.015625,7200
9,3,False,0.046875,11035
9,3,False,0.0,9518
9,3,True,0.0,12480
9,3,True,0.015625,7099
9,4,False,0.0625,17841
9,3,False,0.078125,18613
9,4,False,0.046875,21415
9,2,False,0.015625,6990
9,3,False,0.0,14438
9,4,False,0.0625,20529
9,4,True,0.03125,11714
9,3,False,0.0,10229
9,2,False,0.015625,7318
9,3,False,0.015625,13351
9,5,False,0.28125,37559
9,3,False,0.046875,9718
9,3,False,0.03125,13161
9,3,False,0.03125,16064
9,5,False,0.59375,89386
9,4,False,0.015625,13723
9,2,False,0.0,5527
9,3,False,0.0625,59917
9,3,False,0.015625,5886
9,3,False,0.0,14089
9,3,False,0.03125,18139
9,4,False,0.046875,9690
9,4,False,0.046875,9280
9,2,False,0.0,8050
9,3,False,0.046875,17058
9,3,False,0.046875,24290
9,3,False,0.03125,7698
9,4,True,0.0,4514
9,2,False,0.015625,13369
9,3,True,0.09375,18905
9,3,True,0.0,11151
9,3,False,0.0,12168
9,3,False,0.046875,6235
9,3,False,0.03125,5153
9,3,False,0.078125,21070
9,3,True,0.0,3648
9,3,False,0.0,10831
9,3,False,0.015625,10815
9,4,False,0.015625,14227
9,3,False,0.015625,4733
9,3,False,0.015625,11901
9,3,False,0.03125,13246
9,3,False,0.0,13622
9,3,False,0.015625,19867
9,3,False,0.03125,18165
9,3,False,0.046875,10356
9,3,False,0.0,7533
9,3,False,0.015625,4491
9,3,False,0.015625,11332
9,3,True,0.0,9841
9,3,False,0.03125,14919
9,3,False,0.046875,10980
9,4,False,0.15625,89888
9,3,False,0.03125,18025
9,4,False,0.015625,6342
9,3,False,0.03125,19121
9,3,False,0.03125,15939
9,3,False,0.03125,7241
9,3,False,0.015625,10451
9,3,False,0.015625,8975
9,3,False,0.015625,11158
9,4,False,0.0,8823
9,3,False,0.015625,18406
9,2,False,0.0,12720
9,3,False,0.0,11723
9,4,False,0.015625,5225
9,3,True,0.03125,4549
9,4,False,0.046875,13911
9,4,False,0.03125,11022
9,4,False,0.171875,37761
9,3,False,0.03125,16780
9,3,False,0.03125,8534
9,4,False,0.015625,22335
9,2,False,0.015625,15501
9,3,False,0.03125,5139
9,3,False,0.015625,12435
9,3,False,0.046875,15149
9,5,False,0.265625,124173
9,3,False,0.015625,6406
9,4,False,0.015625,21353
9,3,False,0.015625,6807
9,3,False,0.0,14193
9,3,False,0.015625,10740
9,3,False,0.015625,7881
9,4,False,0.109375,18343
9,2,False,0.015625,10534
9,3,False,0.015625,12530
9,4,False,0.015625,6290
9,4,False,0.03125,17374
9,4,False,0.21875,74595
9,4,False,0.484375,199222
9,4,False,0.046875,9225
9,4,False,0.21875,83602
9,4,False,0.015625,16929
9,5,False,0.25,95121
9,3,False,0.015625,6403
9,3,False,0.21875,48445
9,3,False,0.03125,19974
9,3,True,0.015625,4822
9,4,False,0.09375,72131
9,3,False,0.03125,7304
9,5,False,0.125,26164
9,4,False,0.109375,19159
9,4,False,0.0,6402
9,5,False,0.34375,233983
9,4,False,0.03125,13485
9,6,False,1.96875,330664
9,4,False,0.03125,23254
9,5,True,0.046875,21965
9,4,False,0.046875,32310
9,4,False,0.03125,18208
9,3,False,0.015625,16811
9,4,False,0.015625,11587
9,3,False,0.046875,29111
9,3,False,0.015625,8060
9,3,False,0.03125,22697
9,3,False,0.03125,10285
9,4,False,0.03125,27107
9,4,False,0.015625,7038
9,3,False,0.015625,12717
9,4,False,0.03125,9733
9,3,False,0.015625,4428
9,4,False,0.046875,17356
9,5,False,0.0625,11469
10,5,False,0.015625,43745
10,2,False,0.015625,10370
10,5,False,0.109375,34872
10,4,False,0.046875,12538
10,4,False,0.03125,13616
10,4,False,0.015625,42721
10,3,True,0.015625,5877
10,3,False,0.015625,10897
10,5,False,0.0625,73968
10,5,False,0.0625,30288
10,3,False,0.03125,20652
10,3,False,0.0,23175
10,4,False,0.015625,11197
10,4,False,0.03125,14488
10,2,False,0.0,8913
10,3,True,0.015625,4794
10,3,False,0.03125,8831
10,4,False,0.0625,19412
10,4,False,0.28125,31363
10,3,False,0.0,12505
10,5,False,0.03125,17727
10,5,False,0.03125,17233
10,3,False,0.03125,7530
10,5,False,0.03125,16311
10,3,False,0.03125,22048
10,4,False,0.03125,14778
10,4,False,0.03125,8759
10,4,False,0.015625,12605
10,2,False,0.015625,9753
10,3,True,0.015625,7698
10,4,True,0.0,6071
10,5,False,0.234375,28359
10,3,False,0.015625,9383
10,3,False,0.0,10937
10,5,False,0.359375,67995
10,3,False,0.015625,15660
10,3,False,0.046875,4958
10,3,False,0.03125,7819
10,3,False,0.0,6534
10,5,False,0.03125,20461
10,3,False,0.046875,18781
10,4,False,0.046875,20744
10,4,False,0.03125,13585
10,4,True,0.046875,10890
10,3,False,0.03125,7713
10,4,False,0.03125,13739
10,4,False,0.0,7483
10,4,False,0.03125,5939
10,4,True,0.0625,11108
10,5,False,0.234375,114313
10,4,False,0.015625,6779
10,5,True,0.046875,15628
10,3,False,0.015625,22723
10,2,False,0.0,4147
10,5,False,0.03125,17197
10,5,False,0.03125,31945
10,4,False,0.0625,27219
10,3,True,0.015625,4421
10,5,False,0.109375,40308
10,3,False,0.03125,25146
10,3,False,0.015625,18545
10,3,False,0.015625,8061
10,7,False,0.3125,172305
10,3,False,0.03125,8335
10,3,False,0.109375,24501
10,5,False,0.015625,27893
10,3,False,0.046875,31028
10,3,False,0.09375,13670
10,4,False,0.015625,7750
10,5,False,0.03125,30444
10,5,False,0.0,7315
10,4,False,0.171875,97186
10,3,False,0.0625,15122
10,3,False,0.0,10904
10,5,False,0.03125,12597
10,3,False,0.03125,10614
10,3,False,0.046875,24751
10,3,False,0.0625,14814
10,3,False,0.015625,10462
10,4,False,0.109375,14998
10,3,False,0.03125,8352
10,3,False,0.015625,10963
10,3,True,0.03125,9896
10,3,False,0.0,7995
10,5,False,0.171875,16033
10,5,False,0.125,22334
10,3,False,0.0625,14093
10,3,False,0.046875,5696
10,3,False,0.015625,9318
10,4,True,0.015625,4722
10,3,False,0.015625,8005
10,5,True,0.015625,13357
10,5,False,0.296875,40752
10,4,True,0.03125,15650
10,5,False,0.0625,22778
10,3,True,0.0,5670
10,3,False,0.03125,14419
10,5,False,0.0,8337
10,3,False,0.03125,11798
10,4,False,0.046875,19998
10,4,True,0.0625,18915
10,5,False,0.34375,55785
10,3,False,0.015625,11551
10,4,True,0.015625,3902
10,3,False,0.015625,9789
10,3,False,0.046875,15502
10,3,False,0.015625,10752
10,4,False,0.03125,18043
10,3,False,0.03125,12707
10,4,False,0.03125,10806
10,3,True,0.015625,7573
10,6,False,0.015625,27509
10,3,False,0.015625,10539
10,3,True,0.015625,4949
10,5,False,0.09375,21930
10,3,False,0.015625,31617
10,4,False,0.03125,14162
10,4,False,0.0,26980
10,4,False,0.0,12006
10,4,False,0.015625,9735
10,3,False,0.0625,27903
10,3,False,0.03125,22639
10,4,False,0.03125,18194
10,4,False,0.015625,6742
10,5,False,0.046875,35275
10,5,False,0.0625,23151
10,3,False,0.015625,8482
10,3,False,0.015625,12022
10,4,False,0.03125,18726
10,3,False,0.0,7568
10,5,False,0.3125,105509
10,2,True,0.0,8861
10,3,False,0.03125,8532
10,4,False,0.015625,23348
10,3,False,0.03125,11771
10,2,False,0.015625,7102
10,4,False,0.015625,10998
10,5,False,0.03125,12237
10,4,False,0.015625,15705
10,3,False,0.015625,12809
10,2,False,0.015625,3459
10,5,False,0.1875,114907
10,4,False,0.015625,17486
10,4,False,0.015625,13406
10,4,False,0.03125,9751
10,3,False,0.125,21701
10,2,False,0.015625,13029
10,3,True,0.015625,5452
10,5,False,0.15625,18490
10,6,False,0.046875,62135
10,4,False,0.078125,16478
10,3,False,0.015625,16023
10,4,False,0.03125,7887
10,4,False,0.015625,22052
10,3,False,0.015625,9061
10,3,False,0.078125,20653
10,3,False,0.0,7701
10,3,False,0.0,8311
10,4,True,0.0,7938
10,4,False,0.015625,7751
10,3,False,0.03125,16715
10,3,False,0.0,19489
10,4,False,0.015625,7287
10,3,True,0.015625,4961
10,5,False,0.078125,33422
10,5,False,0.015625,24103
10,4,False,0.28125,32423
10,4,False,0.015625,7573
10,4,False,0.46875,85848
10,4,True,0.046875,10121
10,3,False,0.015625,7298
10,4,False,0.015625,20762
10,3,False,0.03125,22664
10,5,False,0.0625,21210
10,4,True,0.046875,19239
10,3,False,0.046875,9089
10,5,False,0.03125,16229
10,3,False,0.015625,6806
10,5,True,0.046875,22695
10,5,False,0.0625,16477
10,3,False,0.0625,6178
10,4,False,0.03125,14527
10,4,True,0.015625,12441
10,5,False,0.015625,28596
10,3,True,0.046875,22461
10,3,False,0.03125,21831
10,3,False,0.1875,33867
10,5,False,0.078125,17697
10,3,False,0.03125,9813
10,3,True,0.015625,4732
10,3,False,0.015625,20700
10,4,False,0.6875,273468
10,2,False,0.015625,7650
10,5,False,0.015625,10387
10,3,False,0.015625,5670
10,3,False,0.015625,7404
10,3,False,0.015625,10197
10,5,False,0.0625,20481
10,3,False,0.015625,7070
10,3,False,0.0,7019
11,3,True,0.015625,16530
11,4,True,0.03125,24293
11,5,False,0.046875,9002
11,4,False,0.046875,17061
11,4,False,0.078125,36265
11,3,True,0.015625,11705
11,4,False,0.03125,22185
11,4,False,0.015625,8139
11,3,False,0.03125,7893
11,3,False,0.015625,12144
11,6,False,0.96875,183058
11,3,False,0.03125,16669
11,4,False,0.03125,24778
11,5,False,0.03125,21261
11,5,False,0.03125,14412
11,4,True,0.015625,3947
11,4,False,0.015625,27048
11,4,False,0.015625,7623
11,5,False,0.203125,35167
11,4,False,0.03125,9920
11,3,True,0.015625,4992
11,4,False,0.0625,28012
11,5,False,0.015625,7819
11,4,False,0.015625,17228
11,4,True,0.03125,18373
11,5,False,0.0,7154
11,5,False,0.046875,53984
11,4,False,0.015625,9204
11,5,False,0.03125,32810
11,4,False,0.03125,34682
11,5,False,0.109375,61591
11,5,False,0.0,9741
11,3,False,0.03125,22212
11,4,False,0.078125,32758
11,4,True,0.015625,11699
11,4,True,0.03125,18406
11,3,False,0.03125,20928
11,5,False,0.21875,90370
11,5,False,0.28125,33844
11,4,False,0.0,6947
11,4,False,0.046875,13077
11,4,False,0.03125,25009
11,4,True,0.046875,12536
11,4,False,0.03125,12142
11,5,False,0.046875,16513
11,3,False,0.046875,17721
11,3,False,0.03125,10707
11,4,False,0.03125,12715
11,3,False,0.015625,5163
11,4,False,0.0,7318
11,5,False,0.0,6435
11,3,False,0.03125,8347
11,5,True,0.078125,31178
11,4,False,0.03125,7955
11,5,False,0.1875,109175
11,4,False,0.203125,82114
11,4,False,0.046875,36607
11,6,False,0.359375,80895
11,4,False,0.03125,10739
11,4,False,0.015625,9378
11,3,False,0.0,8366
11,6,False,0.15625,38238
11,4,True,0.0625,13469
11,5,False,0.046875,23523
11,5,False,0.015625,7550
11,5,False,0.0625,14236
11,4,True,0.015625,8942
11,4,False,0.046875,15275
11,4,False,0.046875,13243
11,4,False,0.015625,7818
11,4,False,0.015625,20654
11,6,False,0.046875,53618
11,3,False,0.015625,8606
11,4,False,0.03125,14950
11,4,False,0.03125,15721
11,4,False,0.03125,14659
11,5,False,1.078125,476086
11,4,True,0.03125,4981
11,3,False,0.046875,8657
11,4,True,0.015625,10321
11,4,False,0.078125,24452
11,5,False,0.953125,376380
11,4,False,0.03125,43264
11,3,True,0.015625,8367
11,3,False,0.046875,14963
11,6,False,0.109375,46651
11,4,False,0.046875,17949
11,2,False,0.015625,12004
11,6,False,0.46875,75510
11,5,True,0.03125,8854
11,4,False,0.015625,9117
11,4,False,0.0625,34367
11,5,False,0.03125,28124
11,4,False,0.078125,42142
11,4,False,0.046875,15176
11,4,True,0.0,4788
11,3,False,0.03125,25605
11,5,False,0.078125,36808
11,7,True,0.046875,31074
11,4,False,0.03125,10329
11,6,False,0.03125,33704
11,3,False,0.015625,15826
11,3,False,0.015625,17114
11,5,False,0.03125,44021
11,4,False,0.046875,18065
11,4,False,0.015625,5684
11,4,False,0.015625,9214
11,3,False,0.015625,17513
11,3,False,0.046875,8806
11,3,False,0.03125,47239
11,4,False,0.03125,17587
11,3,False,0.078125,13877
11,4,False,0.015625,6787
11,4,False,0.03125,8058
11,3,False,0.0625,21580
11,3,True,0.015625,4552
11,4,False,0.0,9864
11,5,True,0.109375,33534
11,3,False,0.015625,10733
11,3,False,0.0625,14900
11,3,False,0.015625,6847
11,3,True,0.015625,3085
11,4,False,0.03125,8842
11,3,False,0.046875,23124
11,4,False,0.015625,8733
11,5,False,0.109375,17293
11,3,False,0.015625,13685
11,6,False,73.5625,2539190
11,5,False,0.015625,14997
11,4,False,0.03125,13793
11,3,False,0.03125,16572
11,4,False,0.03125,19878
11,3,False,0.015625,14865
11,5,True,0.0,4004
11,3,False,0.015625,16006
11,3,False,0.0,5142
11,4,True,0.0625,7501
11,5,False,0.078125,30789
11,4,False,0.03125,13436
11,4,False,0.046875,21920
11,4,False,0.015625,32059
11,3,True,0.140625,45810
11,5,False,0.046875,17243
11,5,False,0.09375,34425
11,5,False,0.15625,52603
11,4,False,0.03125,19086
11,3,True,0.046875,11333
11,5,False,0.046875,32764
11,4,False,0.0,15182
11,5,False,0.109375,27890
11,4,False,0.03125,10697
11,5,False,0.0,7378
11,3,False,0.0,17772
11,5,True,0.015625,3990
11,4,False,0.015625,13489
11,5,False,0.0,8251
11,6,False,0.0625,27732
11,4,False,0.015625,8614
11,4,False,0.015625,23287
11,4,True,0.015625,4502
11,4,False,0.015625,8617
11,4,False,0.03125,10768
11,4,True,0.125,43735
11,4,False,0.015625,7379
11,3,False,0.0,12913
11,7,False,0.4375,80180
11,4,False,0.015625,17504
11,3,False,0.015625,12379
11,4,True,0.015625,9865
11,3,False,0.015625,12098
11,4,False,0.015625,15717
11,4,False,0.015625,7378
11,3,False,0.015625,26284
11,6,False,0.015625,28415
11,3,False,0.015625,19764
11,6,False,0.328125,56570
11,4,False,0.03125,14786
11,3,False,0.015625,10895
11,4,False,0.125,52011
11,4,False,0.03125,16979
11,3,False,0.015625,8939
11,6,False,0.1875,158759
11,3,False,0.0,10495
11,4,False,0.015625,20703
11,4,False,0.015625,12410
11,4,False,0.03125,22829
11,4,False,0.03125,26270
11,5,False,0.0,35227
11,4,True,0.0625,16912
11,4,False,0.0,11500
11,3,False,0.015625,11990
11,4,False,0.109375,39645
11,5,False,0.078125,39683
11,4,False,0.015625,4789
11,5,False,0.0625,44725
11,4,False,0.015625,15295
11,4,False,0.03125,24798
11,3,False,0.03125,14270
11,4,False,0.046875,25161
11,5,False,0.046875,35225
12,3,False,0.015625,20498
12,4,False,0.0,15443
12,3,True,0.015625,5005
12,7,False,1.59375,97629
12,4,False,0.03125,10161
12,4,False,0.03125,32122
12,3,False,0.015625,12789
12,3,False,0.015625,14717
12,5,False,0.015625,10573
12,3,False,0.015625,6923
12,7,False,0.0625,26151
12,6,False,0.03125,25149
12,3,False,0.015625,6286
12,4,False,0.015625,11954
12,4,False,0.015625,8585
12,4,False,0.0,5775
12,4,True,0.0625,15850
12,4,False,0.03125,11353
12,5,False,0.015625,23720
12,4,False,0.015625,24360
12,4,False,0.0625,39342
12,5,False,0.03125,26984
12,5,False,0.015625,12959
12,5,False,0.015625,8930
12,4,True,0.015625,3947
12,3,False,0.046875,14608
12,3,False,0.015625,25365
12,5,False,0.015625,41006
12,6,False,0.125,78979
12,3,False,0.03125,12057
12,5,False,0.1875,95862
12,3,False,0.0625,10236
12,4,False,0.15625,46381
12,3,False,0.03125,11758
12,4,False,0.015625,16080
12,6,False,0.03125,26703
12,4,False,0.015625,17328
12,3,False,0.015625,17421
12,5,False,0.03125,12182
12,5,True,0.015625,5204
12,3,False,0.03125,11620
12,4,True,0.015625,4152
12,3,False,0.0,18185
12,3,True,0.046875,10735
12,5,False,0.09375,24681
12,4,False,0.078125,25457
12,4,True,0.078125,10570
12,3,False,0.015625,16680
12,4,True,0.015625,5255
12,5,False,0.03125,7691
12,4,False,0.0625,18803
12,5,False,0.171875,62937
12,4,False,0.03125,18038
12,5,False,0.3125,72042
12,3,False,0.03125,21076
12,5,False,0.046875,21434
12,5,False,0.046875,43381
12,3,True,0.0,3099
12,4,True,0.03125,7723
12,4,True,0.015625,4935
12,5,True,0.015625,4211
12,3,False,0.015625,13577
12,6,False,0.03125,19663
12,4,False,0.046875,20923
12,4,False,0.03125,18107
12,4,False,0.015625,9024
12,4,False,0.03125,25446
12,4,False,0.03125,12314
12,4,False,0.0,14368
12,5,False,0.34375,47571
12,3,False,0.09375,27396
12,4,False,0.03125,22914
12,4,False,0.015625,8131
12,4,False,0.015625,18017
12,4,False,0.046875,22743
12,5,False,0.046875,19449
12,3,False,0.0,8323
12,5,False,0.03125,10156
12,4,False,0.171875,61478
12,4,False,0.09375,29864
12,5,False,0.0,10017
12,5,True,0.046875,15134
12,4,False,0.03125,21653
12,4,True,0.03125,14169
12,3,True,0.015625,4235
12,3,False,0.046875,13679
12,5,False,0.015625,19150
12,5,False,0.0,16039
12,5,False,0.0625,42467
12,5,False,0.0,9077
12,3,False,0.046875,5067
12,4,False,0.046875,31166
12,6,True,0.0625,17777
12,3,False,0.03125,16540
12,4,False,0.03125,22942
12,3,False,0.03125,20586
12,3,True,0.03125,3074
12,6,False,0.015625,15318
12,4,False,0.09375,20145
12,4,False,0.03125,28380
12,3,False,0.015625,21822
12,3,True,0.0,4048
12,4,False,0.078125,41923
12,3,False,0.046875,24987
12,3,False,0.0,10766
12,4,False,0.03125,11779
12,4,False,0.015625,17245
12,3,False,0.046875,27443
12,4,False,0.015625,8512
12,4,False,0.078125,17700
12,4,False,0.125,21998
12,4,False,0.03125,30051
12,4,False,0.0,8521
12,4,False,0.015625,13994
12,4,False,0.0,14941
12,4,True,0.0,13248
12,3,False,0.03125,17750
12,4,False,0.03125,12106
12,3,False,0.0625,20764
12,4,True,0.03125,6252
12,4,False,0.03125,6350
12,4,False,0.0625,27537
12,6,False,0.0625,37770
12,3,True,0.015625,4126
12,3,False,0.03125,11784
12,3,False,0.046875,18157
12,4,False,0.03125,15781
12,4,False,0.046875,33744
12,4,True,0.0,4762
12,4,False,0.03125,22475
12,5,False,0.03125,10338
12,4,False,0.03125,19145
12,3,False,0.03125,18788
12,5,False,0.0625,11430
12,5,False,0.015625,26146
12,4,False,0.015625,23462
12,5,False,0.0625,62308
12,3,False,0.03125,11039
12,5,False,0.03125,9127
12,4,False,0.046875,16739
12,4,False,0.046875,11315
12,4,False,0.015625,8474
12,4,False,0.0,10667
12,3,True,0.015625,4131
12,5,False,0.0,11513
12,6,False,0.046875,28292
12,3,True,0.03125,8763
12,4,True,0.03125,5175
12,3,False,0.03125,10757
12,4,False,0.0625,20674
12,4,True,0.046875,7351
12,3,True,0.09375,32402
12,4,False,0.0,11086
12,4,False,0.046875,21353
12,3,False,0.03125,13851
12,6,True,0.015625,5380
12,3,False,0.0,9572
12,5,False,0.609375,73207
12,4,False,0.0,16673
12,4,False,0.015625,16162
12,4,False,0.03125,25509
12,4,False,0.0625,29125
12,3,False,0.046875,12633
12,4,False,0.03125,9673
12,3,False,0.03125,24031
12,3,False,0.03125,19426
12,4,False,0.109375,26992
12,5,False,0.03125,32317
12,4,True,0.03125,18977
12,5,False,0.078125,35277
12,4,False,0.0625,17976
12,5,False,0.140625,43656
12,5,False,0.046875,34576
12,4,False,0.015625,15521
12,4,False,0.0625,13368
12,4,False,0.03125,25105
12,4,False,0.015625,7835
12,4,False,0.03125,16442
12,4,False,0.03125,18829
12,4,False,0.015625,19454
12,4,False,0.046875,20761
12,3,False,0.015625,9410
12,4,False,0.015625,31330
12,7,False,0.296875,178666
12,4,False,0.015625,8573
12,4,False,0.03125,15128
12,5,False,0.015625,24193
12,3,False,0.015625,14710
12,5,False,0.015625,32449
12,5,False,0.03125,17384
12,4,False,0.015625,17687
12,4,False,0.015625,8016
12,4,False,0.03125,17397
12,4,False,0.03125,24483
12,5,False,0.09375,64826
12,4,True,0.078125,24256
12,3,False,0.03125,15763
12,6,False,0.09375,29975
12,4,False,0.078125,33929
12,4,False,0.046875,25121
13,4,True,0.015625,17049
13,5,True,0.03125,5754
13,3,False,0.0,10314
13,4,False,0.03125,39541
13,5,False,0.265625,130773
13,4,False,0.03125,29834
13,4,False,0.0,10067
13,3,False,0.03125,19104
13,4,False,0.03125,11153
13,3,False,0.03125,31856
13,6,False,0.015625,27132
13,3,True,0.015625,7118
13,4,False,0.03125,18542
13,5,False,0.0625,7265
13,5,False,0.078125,58394
13,5,True,0.03125,18606
13,4,False,0.03125,18933
13,3,False,0.03125,28028
13,5,False,0.015625,9959
13,7,False,0.0,13696
13,4,False,0.015625,19527
13,4,False,0.03125,27747
13,3,True,0.015625,5943
13,3,True,0.03125,7346
13,5,False,0.03125,8315
13,4,True,0.015625,12799
13,4,True,0.046875,13228
13,4,False,0.03125,15630
13,4,False,0.03125,13329
13,5,False,0.015625,9679
13,3,False,0.0625,16862
13,7,False,0.046875,16380
13,7,False,1.609375,153919
13,4,False,0.03125,30377
13,5,False,0.015625,10010
13,4,True,0.03125,12719
13,5,True,0.015625,4986
13,4,False,0.078125,22534
13,4,True,0.03125,7387
13,4,False,0.046875,16450
13,5,False,0.03125,31587
13,3,False,0.03125,11366
13,3,False,0.03125,25258
13,5,False,0.21875,122549
13,8,True,0.53125,131737
13,5,False,0.09375,45356
13,5,False,0.015625,14810
13,3,False,0.015625,15291
13,5,True,0.015625,5177
13,4,True,0.015625,5550
13,4,False,0.03125,17131
13,4,True,0.09375,32597
13,5,False,0.03125,9025
13,3,False,0.03125,14333
13,4,False,0.03125,23994
13,4,False,0.046875,24625
13,4,False,0.015625,12541
13,4,True,0.015625,15523
13,5,False,0.0625,12954
13,4,False,0.171875,124753
13,4,False,0.03125,10107
13,6,False,0.015625,23106
13,5,False,0.3125,96609
13,5,False,0.046875,30100
13,6,False,0.0625,37177
13,2,True,0.0,5700
13,6,False,0.0625,25753
13,5,False,0.03125,14157
13,3,False,0.078125,32440
13,5,False,0.03125,35884
13,3,False,0.0625,20320
13,4,True,0.03125,7899
13,3,False,0.015625,13298
13,4,False,0.015625,10107
13,4,False,0.046875,14339
13,6,False,0.03125,15440
13,5,False,0.046875,31343
13,5,False,0.015625,9950
13,4,False,0.046875,24121
13,4,False,0.03125,10862
13,4,False,0.0625,8042
13,3,True,0.015625,7116
13,4,False,0.015625,20009
13,4,False,0.046875,42939
13,5,False,0.046875,33841
13,4,False,0.03125,15475
13,5,False,0.015625,15834
13,4,True,0.015625,4587
13,4,False,0.03125,25134
13,4,True,0.03125,10038
13,5,True,0.015625,5121
13,6,False,0.109375,86900
13,4,False,0.0,8959
13,5,False,0.0625,14651
13,3,False,0.0625,26032
13,5,True,0.109375,37811
13,5,False,0.015625,13007
13,5,False,0.046875,27396
13,4,False,0.046875,25482
13,5,False,0.03125,10759
13,4,False,0.03125,11547
13,5,True,0.015625,7318
13,4,False,0.03125,11777
13,4,False,0.046875,25608
13,4,False,0.109375,22604
13,5,False,0.03125,31383
13,5,True,0.015625,5619
13,6,False,0.203125,43570
13,4,False,0.046875,24317
13,6,False,0.046875,32293
13,5,False,0.03125,12083
13,4,True,0.03125,15889
13,5,False,0.046875,24443
13,5,True,0.015625,4415
13,4,False,0.03125,16520
13,4,False,0.296875,121778
13,5,False,0.046875,20196
13,5,True,0.015625,6488
13,4,False,0.03125,30716
13,4,True,0.078125,20904
13,5,False,0.046875,30446
13,3,True,0.09375,22882
13,4,True,0.109375,21676
13,4,False,0.015625,17272
13,4,False,0.046875,20975
13,5,False,0.140625,55843
13,6,True,0.140625,24580
13,5,True,0.0625,39828
13,4,True,0.03125,28891
13,5,True,0.09375,16582
13,4,True,0.140625,61524
13,5,False,0.03125,38641
13,4,False,0.03125,10947
13,6,False,0.109375,9669
13,4,False,0.0,8195
13,5,False,0.03125,10370
13,6,False,0.03125,26680
13,4,False,0.0,7078
13,7,False,0.109375,37083
13,4,False,0.046875,36632
13,6,False,0.078125,41618
13,5,True,0.015625,5206
13,8,False,0.328125,72468
13,4,False,0.0,5869
13,4,False,0.0625,30094
13,4,False,0.125,64940
13,6,True,0.0625,29283
13,6,False,0.03125,8731
13,5,False,0.046875,41815
13,5,False,0.046875,36081
13,4,False,0.046875,17796
13,4,False,0.046875,16576
13,4,False,0.03125,20378
13,5,False,0.109375,57863
13,6,False,0.109375,61680
13,3,False,0.03125,16509
13,5,False,0.015625,18489
13,4,False,0.0,16753
13,5,False,0.03125,23636
13,4,True,0.03125,18577
13,3,False,0.03125,28013
13,6,True,0.015625,6241
13,4,False,0.046875,15785
13,4,False,0.09375,30712
13,4,True,0.046875,20735
13,4,False,0.015625,12065
13,4,False,0.046875,29675
13,5,False,0.046875,23872
13,6,False,0.203125,45821
13,4,False,0.015625,19404
13,5,False,0.015625,14073
13,4,False,0.015625,23352
13,4,False,0.03125,16163
13,4,False,0.0,19756
13,4,True,0.046875,16800
13,4,False,0.09375,38930
13,6,False,0.015625,11867
13,5,False,0.0625,24709
13,4,False,0.03125,18860
13,4,False,0.03125,23504
13,5,False,0.03125,9338
13,3,False,0.03125,32642
13,5,False,0.03125,19947
13,6,True,0.015625,5987
13,4,False,0.046875,17143
13,6,False,0.015625,17191
13,3,False,0.0,10249
13,5,False,0.015625,9122
13,3,False,0.0625,38470
13,5,False,0.046875,10351
13,4,False,0.0,19500
13,4,False,0.03125,9627
13,4,False,0.015625,16045
13,3,True,0.015625,4406
13,3,False,0.03125,8010
13,5,False,0.03125,15607
13,5,False,0.03125,17282
13,4,False,0.015625,22204
13,5,False,0.03125,19390
13,4,False,0.046875,26812
14,4,False,0.046875,31797
14,5,False,0.03125,21155
14,3,False,0.03125,28131
14,5,False,0.21875,210477
14,5,True,0.046875,18138
14,5,False,0.0,23937
14,3,False,0.046875,9426
14,6,False,0.1875,50844
14,4,False,0.03125,25803
14,4,False,0.03125,14545
14,5,False,0.109375,42223
14,6,False,0.140625,73571
14,5,False,0.0625,18615
14,7,False,0.515625,383080
14,5,False,0.03125,19011
14,4,True,0.015625,13901
14,4,False,0.21875,25822
14,7,False,0.078125,12747
14,4,False,0.046875,20495
14,5,False,0.046875,37287
14,4,False,0.125,30440
14,5,False,0.015625,9075
14,3,False,0.03125,37345
14,5,False,0.0625,40064
14,4,False,0.078125,51160
14,6,False,0.125,61566
14,4,False,0.078125,28646
14,4,False,0.109375,11725
14,4,False,0.03125,15364
14,5,True,0.015625,11843
14,4,False,0.0625,40849
14,5,False,0.015625,9914
14,3,True,0.03125,20512
14,5,False,0.03125,28096
14,7,False,1.296875,139428
14,7,False,0.015625,32550
14,4,False,0.0,34907
14,5,False,0.046875,17153
14,4,False,0.109375,26079
14,4,False,0.015625,12093
14,3,False,0.015625,11030
14,5,False,0.0625,21014
14,5,False,0.078125,37511
14,6,False,0.09375,57137
14,3,False,0.0625,22695
14,5,True,0.078125,21901
14,5,False,0.03125,21426
14,5,False,0.0625,23495
14,6,True,0.046875,15390
14,6,False,0.078125,28735
14,5,False,0.046875,34312
14,5,False,0.0,8098
14,4,False,0.09375,43970
14,6,False,0.109375,55831
14,5,False,0.125,57743
14,4,False,0.046875,25670
14,4,False,0.0,22183
14,5,False,0.046875,28618
14,6,False,0.046875,21357
14,5,True,0.0625,59239
14,4,False,0.015625,10157
14,4,False,0.015625,8807
14,5,False,0.015625,10746
14,4,False,0.0625,27488
14,4,True,0.015625,5926
14,6,False,0.59375,62098
14,5,False,0.03125,21863
14,4,False,0.015625,32204
14,7,False,0.28125,154158
14,5,False,0.03125,18285
14,8,False,0.28125,78173
14,3,False,0.03125,18376
14,4,True,0.0625,6010
14,4,False,0.0625,12611
14,7,False,0.078125,53973
14,5,False,0.015625,33949
14,4,False,0.03125,27051
14,4,False,0.0625,32208
14,4,False,0.046875,11999
14,6,False,0.125,46833
14,5,False,0.03125,36948
14,4,False,0.078125,38613
14,5,False,0.03125,29377
14,4,False,0.0625,40481
14,6,False,0.0625,29782
14,7,False,0.03125,12243
14,5,False,0.328125,31665
14,5,False,0.078125,23340
14,7,False,0.015625,32551
14,5,True,0.0,5492
14,6,False,0.03125,12346
14,6,False,0.71875,74062
14,5,True,0.03125,16719
14,5,True,0.015625,14031
14,5,False,0.828125,95912
14,5,False,0.296875,50867
14,4,False,0.09375,27651
14,4,False,0.0625,12186
14,4,False,0.0625,27082
14,5,False,0.03125,15926
14,5,False,0.15625,33040
14,6,False,0.03125,45655
14,4,False,0.015625,38138
14,5,False,0.0625,42322
14,4,False,0.046875,15361
14,5,True,0.03125,10965
14,7,False,0.1875,61871
14,7,False,0.046875,15184
14,6,False,0.125,34532
14,6,False,0.5,60083
14,5,False,0.015625,34042
14,5,False,0.0625,64506
14,4,False,0.03125,26388
14,4,False,0.0625,23701
14,5,False,0.046875,24238
14,4,False,0.046875,32358
14,3,False,0.09375,31374
14,5,False,0.0625,27736
14,5,False,0.078125,36447
14,4,False,0.03125,32304
14,4,False,0.03125,16438
14,5,False,0.1875,30244
14,4,False,0.03125,13266
14,5,False,0.09375,46918
14,4,False,0.078125,30048
14,3,False,0.046875,21802
14,4,False,0.09375,25513
14,4,True,0.015625,3947
14,4,False,0.03125,19745
14,6,False,0.078125,68498
14,4,False,0.0,12346
14,5,False,0.046875,41549
14,5,False,0.078125,11909
14,6,False,0.046875,20355
14,4,False,0.0625,27127
14,5,True,0.125,19484
14,5,False,0.046875,27353
14,4,False,0.046875,31087
14,4,True,0.0625,21085
14,8,False,0.40625,119129
14,5,False,0.046875,28689
14,5,False,0.015625,12813
14,3,False,0.015625,13391
14,4,False,0.015625,11721
14,6,False,0.578125,520256
14,6,False,0.015625,8195
14,5,False,0.015625,36229
14,5,False,0.015625,11183
14,4,False,0.15625,92267
14,4,False,0.046875,24799
14,5,False,0.09375,42739
14,5,False,0.03125,27874
14,5,False,0.140625,37004
14,4,False,0.1875,53103
14,4,False,0.03125,40650
14,4,False,0.046875,28824
14,5,False,0.046875,38348
14,5,True,0.03125,17575
14,6,False,0.1875,58428
14,5,False,0.046875,41958
14,6,False,0.578125,186414
14,4,True,0.03125,6806
14,4,False,0.109375,60070
14,4,False,0.09375,59142
14,3,False,0.03125,22143
14,4,False,0.0625,57620
14,6,True,0.015625,17072
14,3,True,0.078125,39088
14,5,False,0.0625,15223
14,4,False,0.015625,21221
14,4,False,0.046875,8852
14,4,False,0.015625,13186
14,5,True,0.046875,18111
14,7,False,0.015625,8706
14,6,False,0.03125,11649
14,5,False,0.046875,25222
14,3,True,0.046875,14214
14,4,False,0.0625,27886
14,5,False,1.34375,315920
14,6,False,0.09375,38304
14,5,False,0.046875,34349
14,4,False,0.59375,63183
14,4,False,0.046875,25206
14,5,True,0.03125,6623
14,5,False,0.03125,20117
14,4,False,0.078125,70310
14,5,False,0.46875,43994
14,7,False,0.109375,55303
14,6,True,0.015625,20201
14,5,False,0.015625,9094
14,3,True,0.046875,20006
14,4,False,0.0,12937
14,3,False,0.03125,11564
14,4,False,0.046875,24326
14,7,False,0.3125,55765
14,4,True,0.203125,35862
14,5,False,0.03125,24407
14,6,False,1.90625,424736
14,5,False,0.0625,46684
14,3,False,0.09375,14341
15,5,False,0.03125,33880
15,5,False,0.015625,12135
15,7,False,0.234375,91729
15,5,False,0.0,9858
15,4,False,0.078125,21861
15,5,False,1.140625,106128
15,4,True,0.015625,11881
15,4,True,0.03125,7414
15,7,False,0.046875,18217
15,5,True,0.03125,12670
15,3,False,0.03125,17198
15,4,True,0.015625,18171
15,5,False,0.03125,11770
15,5,False,0.71875,83372
15,3,False,0.0,21415
15,5,False,0.046875,20075
15,7,False,1.0,410726
15,4,False,0.03125,25724
15,4,False,0.03125,20127
15,7,False,0.109375,19907
15,3,False,0.078125,26872
15,6,True,0.28125,80718
15,4,False,0.046875,18683
15,8,False,0.125,52732
15,6,True,0.03125,6814
15,6,False,0.109375,68405
15,4,False,0.203125,53156
15,5,False,0.15625,47468
15,5,True,0.03125,6399
15,5,False,0.09375,33954
15,4,False,0.03125,18341
15,7,False,1.4375,106253
15,6,False,0.140625,38647
15,4,False,0.078125,41918
15,4,False,0.078125,20033
15,4,False,0.0625,50458
15,7,False,3.03125,162131
15,4,False,0.015625,15493
15,5,False,0.03125,16222
15,5,True,0.0625,24078
15,5,True,0.03125,28867
15,4,False,0.0625,38542
15,6,False,0.046875,17448
15,5,False,0.03125,32752
15,6,False,0.03125,20015
15,5,False,0.09375,43184
15,4,False,0.03125,28280
15,6,False,0.03125,23439
15,3,False,0.0,14587
15,5,True,0.03125,4725
15,5,False,0.109375,34452
15,4,False,0.046875,33527
15,6,False,0.09375,63270
15,6,False,0.09375,35046
15,8,False,0.046875,53647
15,4,True,0.015625,5811
15,5,True,0.09375,95893
15,5,False,0.03125,33966
15,7,False,0.078125,45315
15,5,False,0.046875,19787
15,4,True,0.09375,27671
15,6,False,0.03125,17320
15,4,False,0.0625,24069
15,6,False,0.328125,209759
15,5,False,0.0,8605
15,6,True,0.0625,21350
15,5,False,0.015625,12342
15,4,False,0.0625,39728
15,5,False,0.0625,21915
15,4,False,0.03125,5857
15,5,False,0.046875,19845
15,3,False,0.078125,26470
15,5,False,0.015625,10886
15,4,False,0.078125,27463
15,4,False,0.046875,22633
15,5,False,0.171875,38121
15,6,False,0.046875,8442
15,3,False,0.0625,28597
15,6,False,0.0625,39626
15,6,False,0.40625,136648
15,5,False,0.03125,17927
15,5,True,0.140625,41895
15,5,False,0.03125,19228
15,4,False,0.078125,50505
15,5,False,0.03125,24538
15,4,True,0.046875,7313
15,4,False,0.015625,23765
15,4,False,0.15625,64151
15,5,False,0.0625,43523
15,6,False,0.015625,18055
15,5,False,0.234375,24031
15,4,False,0.03125,12537
15,6,False,0.09375,40938
15,4,True,0.09375,34750
15,4,False,0.015625,16929
15,5,False,0.078125,30016
15,5,True,0.03125,11062
15,5,False,0.046875,45801
15,3,False,0.03125,23653
15,5,False,0.078125,23089
15,4,False,0.03125,46092
15,4,True,0.0,4268
15,5,False,0.015625,11243
15,5,False,0.046875,24765
15,5,False,0.21875,27485
15,4,True,0.1875,49648
15,4,False,0.046875,16973
15,4,False,0.078125,18668
15,3,False,0.078125,15294
15,3,False,0.0625,15970
15,4,False,0.0625,32576
15,7,False,13.65625,552166
15,4,False,0.0625,17973
15,5,False,0.078125,32233
15,4,False,0.046875,14808
15,5,False,0.0625,29249
15,4,False,0.015625,20957
15,5,False,0.078125,23864
15,4,False,0.046875,10705
15,3,True,0.015625,17078
15,3,False,0.0625,54606
15,5,False,0.046875,31314
15,5,False,0.109375,25762
15,6,True,0.0625,27965
15,4,False,0.046875,17906
15,4,False,0.015625,20750
15,4,False,0.015625,12021
15,5,False,0.03125,11848
15,6,False,0.0,16373
15,4,False,0.03125,30102
15,4,False,0.015625,25701
15,4,False,0.046875,20138
15,4,False,0.046875,21976
15,4,False,0.03125,20159
15,4,False,0.0625,35535
15,4,False,0.015625,17302
15,5,False,0.03125,22922
15,5,False,0.046875,21514
15,6,False,0.046875,33020
15,5,True,0.015625,20252
15,4,False,0.015625,15168
15,5,False,0.078125,35027
15,5,False,0.015625,16014
15,4,False,0.03125,28460
15,5,False,0.015625,27788
15,4,True,0.03125,5258
15,4,True,0.203125,45702
15,4,True,0.015625,17304
15,4,False,0.0625,13116
15,3,False,0.03125,12815
15,3,False,0.046875,23274
15,4,False,0.0625,41937
15,6,False,0.03125,23425
15,4,False,0.046875,17985
15,4,True,0.046875,23081
15,5,False,0.015625,13634
15,4,False,0.0,29943
15,7,False,0.296875,212050
15,6,False,0.0625,35797
15,6,False,0.03125,20647
15,4,False,0.0625,17998
15,6,False,0.75,83599
15,4,False,0.015625,43331
15,5,False,0.046875,29461
15,5,False,0.015625,9307
15,6,False,0.109375,81124
15,5,False,0.03125,35844
15,8,False,0.078125,62519
15,6,True,0.0625,24173
15,5,False,0.203125,48708
15,4,False,0.03125,19675
15,5,False,0.09375,15744
15,4,False,0.0625,27264
15,7,False,0.078125,21198
15,5,False,0.046875,26144
15,4,False,0.03125,12659
15,5,False,0.84375,68044
15,5,False,0.046875,24397
15,4,False,0.046875,25147
15,4,False,0.046875,30561
15,4,False,0.0625,33259
15,5,False,0.015625,19552
15,7,False,0.421875,298871
15,7,True,0.296875,37555
15,6,False,0.03125,14601
15,8,True,0.09375,8505
15,5,False,0.03125,22552
15,7,False,5.4375,557760
15,6,False,0.140625,69124
15,3,True,0.0,7612
15,5,False,0.078125,32193
15,5,False,0.0,11877
15,5,False,0.109375,40840
15,6,False,0.109375,48497
15,6,False,0.0625,14474
15,4,False,0.03125,9461
15,5,False,0.0625,44572
15,5,False,0.109375,42908
15,4,False,0.0,13525
15,6,False,1.875,166588
